,clean_acc,Linf_acc,L2_acc,L1_acc,common_acc,sum,geom,model_size,backbone,dataset,loss_function,model_type
0,0.9555555555555556,0.19365079365079366,0.5206349206349207,0.5190476190476191,0.7833333333333333,2.9722222222222223,0.03917078977596657,2,CLIP-convnext_base_w-laion_aesthetic-s13B-b82K,uc-merced-land-use-dataset,TRADES_v2,fully convolutional
1,0.9523809523809523,0.8,0.888095238095238,0.7492063492063492,0.8476190476190476,4.237301587301587,0.42969706380914674,2,CLIP-convnext_base_w-laion2B-s13B-b82K,uc-merced-land-use-dataset,TRADES_v2,fully convolutional
2,0.765079365079365,0.0,0.0,0.0,0.4857142857142857,1.2507936507936508,0.0,1,deit_small_patch16_224.fb_in1k,uc-merced-land-use-dataset,TRADES_v2,fully attention
3,0.18571428571428572,0.009523809523809525,0.0,0.0,0.13015873015873017,0.3253968253968254,0.0,1,robust_resnet50,uc-merced-land-use-dataset,TRADES_v2,fully convolutional
4,0.5238095238095238,0.22380952380952382,0.29523809523809524,0.2357142857142857,0.3523809523809524,1.6309523809523812,0.0028748995678608345,1,vit_small_patch16_224.augreg_in21k,uc-merced-land-use-dataset,TRADES_v2,fully attention
5,0.9523809523809523,0.0,0.009523809523809525,0.10238095238095238,0.8571428571428571,1.9214285714285713,0.0,2,convnext_base.fb_in1k,uc-merced-land-use-dataset,TRADES_v2,fully convolutional
6,0.6404761904761904,0.0,0.0,0.0,0.4714285714285714,1.111904761904762,0.0,1,resnet50.a1_in1k,uc-merced-land-use-dataset,TRADES_v2,fully convolutional
7,0.10714285714285714,0.0,0.0,0.0,0.07380952380952381,0.18095238095238095,0.0,2,robust_vit_base_patch16_224,uc-merced-land-use-dataset,TRADES_v2,fully attention
8,0.873015873015873,0.2698412698412698,0.0,0.0,0.6452380952380953,1.788095238095238,0.0,2,vit_base_patch16_224.mae,uc-merced-land-use-dataset,TRADES_v2,fully attention
9,0.8285714285714286,0.2119047619047619,0.3682539682539683,0.12380952380952381,0.5428571428571428,2.0753968253968256,0.004345679717519229,1,vit_small_patch16_224.dino,uc-merced-land-use-dataset,TRADES_v2,fully attention
10,0.9666666666666667,0.8,0.9,0.8238095238095238,0.8634920634920635,4.3539682539682545,0.49510167800453525,2,convnext_base.fb_in22k,uc-merced-land-use-dataset,TRADES_v2,fully convolutional
11,0.9714285714285714,0.8253968253968254,0.8809523809523809,0.6642857142857143,0.861904761904762,4.203968253968254,0.4044271412484657,2,robust_convnext_base,uc-merced-land-use-dataset,TRADES_v2,fully convolutional
12,0.9428571428571428,0.6349206349206349,0.7952380952380952,0.680952380952381,0.7904761904761904,3.844444444444444,0.25625246388372863,2,vit_base_patch16_224.augreg_in1k,uc-merced-land-use-dataset,TRADES_v2,fully attention
13,,,,,,,,2,vit_base_patch16_224.augreg_in21k,uc-merced-land-use-dataset,TRADES_v2,fully attention
14,0.0880952380952381,0.05,0.030952380952380953,0.023809523809523808,0.08253968253968254,0.2753968253968254,2.6793534244133534e-07,2,vit_base_patch16_clip_224.laion2b,uc-merced-land-use-dataset,TRADES_v2,fully attention
15,0.8952380952380953,0.580952380952381,0.7619047619047619,0.7015873015873015,0.7174603174603175,3.6571428571428575,0.1994616391274903,1,convnext_tiny.fb_in1k,uc-merced-land-use-dataset,TRADES_v2,fully convolutional
16,0.9595238095238096,0.8595238095238096,0.8357142857142857,0.5047619047619047,0.8222222222222222,3.981746031746032,0.2860535054066978,1,robust_convnext_tiny,uc-merced-land-use-dataset,TRADES_v2,fully convolutional
17,0.18333333333333332,0.01904761904761905,0.023809523809523808,0.0,0.15,0.3761904761904762,0.0,1,robust_deit_small_patch16_224,uc-merced-land-use-dataset,TRADES_v2,fully attention
18,0.8833333333333333,0.5,0.669047619047619,0.5301587301587302,0.6761904761904762,3.2587301587301587,0.10593186540930305,1,vit_small_patch16_224.augreg_in1k,uc-merced-land-use-dataset,TRADES_v2,fully attention
19,0.9523809523809523,0.22857142857142856,0.4380952380952381,0.580952380952381,0.7928571428571428,2.992857142857143,0.04392751697374771,1,convnext_tiny.fb_in22k,uc-merced-land-use-dataset,TRADES_v2,fully convolutional
20,0.9523809523809523,0.7333333333333333,0.8095238095238095,0.5857142857142857,0.7777777777777778,3.858730158730159,0.25756277819769885,2,vit_base_patch16_clip_224.laion2b_ft_in1k,uc-merced-land-use-dataset,TRADES_v2,fully attention
21,0.04285714285714286,0.0,0.0,0.0,0.09285714285714286,0.13571428571428573,0.0,2,vit_base_patch16_224.augreg_in21k_ft_in1k,uc-merced-land-use-dataset,TRADES_v2,fully attention
22,,,,,,,,1,vit_small_patch16_224.augreg_in21k_ft_in1k,uc-merced-land-use-dataset,TRADES_v2,fully attention
23,0.9761904761904762,0.7619047619047619,0.8,0.07380952380952381,0.8142857142857143,3.4261904761904765,0.035761395714748484,2,eva02_base_patch14_224.mim_in22k,uc-merced-land-use-dataset,TRADES_v2,fully attention
24,0.42142857142857143,0.0,0.0,0.0,0.24047619047619048,0.6619047619047619,0.0,1,eva02_tiny_patch14_224.mim_in22k,uc-merced-land-use-dataset,TRADES_v2,fully attention
25,0.9547619047619048,0.7214285714285714,0.8761904761904762,0.8547619047619047,0.8380952380952381,4.245238095238095,0.4323400613647899,2,swin_base_patch4_window7_224.ms_in22k_ft_in1k,uc-merced-land-use-dataset,TRADES_v2,fully attention
26,,,,,,,,1,swin_tiny_patch4_window7_224.ms_in1k,uc-merced-land-use-dataset,TRADES_v2,fully attention
27,0.569047619047619,0.2761904761904762,0.4158730158730159,0.4166666666666667,0.42142857142857143,2.0992063492063493,0.011477063526342762,2,convnext_base.clip_laion2b_augreg_ft_in12k_in1k,uc-merced-land-use-dataset,TRADES_v2,fully convolutional
28,0.9523809523809523,0.0,0.0,0.0,0.8063492063492064,1.7587301587301587,0.0,2,convnext_base.fb_in22k_ft_in1k,uc-merced-land-use-dataset,TRADES_v2,fully convolutional
29,0.9523809523809523,0.5119047619047619,0.7523809523809524,0.7841269841269841,0.8031746031746032,3.8039682539682538,0.23101172843451004,1,convnext_tiny.fb_in22k_ft_in1k,uc-merced-land-use-dataset,TRADES_v2,fully convolutional
30,,,,,,,,1,coatnet_0_rw_224.sw_in1k,uc-merced-land-use-dataset,TRADES_v2,hybrid
31,0.9714285714285714,0.8023809523809524,0.8952380952380953,0.819047619047619,0.8571428571428571,4.345238095238095,0.4898830355076919,2,coatnet_2_rw_224.sw_in12k_ft_in1k,uc-merced-land-use-dataset,TRADES_v2,hybrid
32,0.9595238095238096,0.7404761904761905,0.8666666666666667,0.7928571428571428,0.861904761904762,4.2214285714285715,0.4207975192820893,2,coatnet_2_rw_224.sw_in12k,uc-merced-land-use-dataset,TRADES_v2,hybrid
40,0.87,0.686,0.556,0.096,0.76,2.968,0.024210456883200004,2,CLIP-convnext_base_w-laion_aesthetic-s13B-b82K,stanford_cars,TRADES_v2,fully convolutional
41,0.889,0.687,0.567,0.096,0.772,3.011,0.025664339417472,2,CLIP-convnext_base_w-laion2B-s13B-b82K,stanford_cars,TRADES_v2,fully convolutional
42,0.591,0.187,0.195,0.038,0.444,1.455,0.00036360535067999993,1,deit_small_patch16_224.fb_in1k,stanford_cars,TRADES_v2,fully attention
43,0.364,0.063,0.01,0.0,0.244,0.681,0.0,1,robust_resnet50,stanford_cars,TRADES_v2,fully convolutional
44,0.5093333333333333,0.132,0.128,0.009333333333333334,0.408,1.1866666666666665,3.2770490367999996e-05,1,vit_small_patch16_224.augreg_in21k,stanford_cars,TRADES_v2,fully attention
45,0.745,0.411,,0.126,,,,2,convnext_base.fb_in1k,stanford_cars,TRADES_v2,fully convolutional
46,0.612,0.0,0.0,0.017,0.416,1.045,0.0,1,resnet50.a1_in1k,stanford_cars,TRADES_v2,fully convolutional
47,0.423,0.129,0.136,0.037,0.354,1.0790000000000002,9.720172497599999e-05,2,robust_vit_base_patch16_224,stanford_cars,TRADES_v2,fully attention
48,0.641,0.279,0.264,0.042,0.544,1.7700000000000002,0.0010787339566080004,2,vit_base_patch16_224.mae,stanford_cars,TRADES_v2,fully attention
49,0.11866666666666667,0.005333333333333333,0.013333333333333334,0.002,0.064,0.20333333333333334,1.0801303703703704e-09,1,vit_small_patch16_224.dino,stanford_cars,TRADES_v2,fully attention
50,0.742,0.449,0.444,0.17333333333333334,0.635,2.4433333333333334,0.016281298196800003,2,convnext_base.fb_in22k,stanford_cars,TRADES_v2,fully convolutional
51,0.659,0.371,0.354,0.115,0.5373333333333333,2.0363333333333333,0.00534815775676,2,robust_convnext_base,stanford_cars,TRADES_v2,fully convolutional
52,0.538,0.142,0.152,0.028,0.436,1.296,0.00014176163993599998,2,vit_base_patch16_224.augreg_in1k,stanford_cars,TRADES_v2,fully attention
53,0.404,0.093,0.081,0.007,0.321,0.9059999999999999,6.838367004000001e-06,2,vit_base_patch16_224.augreg_in21k,stanford_cars,TRADES_v2,fully attention
54,0.827,0.5,0.43066666666666664,0.075,0.712,2.5446666666666666,0.009509507599999998,2,vit_base_patch16_clip_224.laion2b,stanford_cars,TRADES_v2,fully attention
55,0.692,0.31466666666666665,0.357,0.117,0.5546666666666666,2.035333333333333,0.005044788682752,1,convnext_tiny.fb_in1k,stanford_cars,TRADES_v2,fully convolutional
56,0.334,0.052,0.015,0.004,0.20266666666666666,0.6076666666666667,2.1119488000000005e-07,1,robust_convnext_tiny,stanford_cars,TRADES_v2,fully convolutional
57,0.676,0.323,0.179,0.012,0.565,1.7550000000000001,0.00026499149976,1,robust_deit_small_patch16_224,stanford_cars,TRADES_v2,fully attention
58,0.042,0.007,0.007,0.005333333333333333,0.039,0.10033333333333333,4.2806400000000005e-10,1,vit_small_patch16_224.augreg_in1k,stanford_cars,TRADES_v2,fully attention
59,0.081,0.022,0.027,0.02666666666666667,0.064,0.22066666666666668,8.211456000000001e-08,1,convnext_tiny.fb_in22k,stanford_cars,TRADES_v2,fully convolutional
60,0.767,0.438,0.382,0.066,0.615,2.2680000000000002,0.005208970389480001,2,vit_base_patch16_clip_224.laion2b_ft_in1k,stanford_cars,TRADES_v2,fully attention
61,0.419,0.116,0.09866666666666667,0.01,0.334,0.9776666666666667,1.6017286186666666e-05,2,vit_base_patch16_224.augreg_in21k_ft_in1k,stanford_cars,TRADES_v2,fully attention
62,0.052,0.005333333333333333,0.008,0.003,0.052,0.12033333333333332,3.4611199999999997e-10,1,vit_small_patch16_224.augreg_in21k_ft_in1k,stanford_cars,TRADES_v2,fully attention
63,0.749,0.442,0.42,0.118,0.633,2.362,0.010385779425840002,2,eva02_base_patch14_224.mim_in22k,stanford_cars,TRADES_v2,fully attention
64,0.487,0.116,0.117,0.007,0.35,1.077,1.6193431799999997e-05,1,eva02_tiny_patch14_224.mim_in22k,stanford_cars,TRADES_v2,fully attention
65,0.686,0.307,0.338,0.12,0.55,2.0010000000000003,0.004698109416000001,2,swin_base_patch4_window7_224.ms_in22k_ft_in1k,stanford_cars,TRADES_v2,fully attention
66,0.634,0.215,0.25,0.06,0.477,1.6360000000000001,0.0009752980499999999,1,swin_tiny_patch4_window7_224.ms_in1k,stanford_cars,TRADES_v2,fully attention
67,0.78,0.5493333333333333,0.494,0.16,0.669,2.6523333333333334,0.0226570626048,2,convnext_base.clip_laion2b_augreg_ft_in12k_in1k,stanford_cars,TRADES_v2,fully convolutional
68,0.726,0.393,0.395,0.169,0.62,2.303,0.011808769915800002,2,convnext_base.fb_in22k_ft_in1k,stanford_cars,TRADES_v2,fully convolutional
69,,,,,,,,1,convnext_tiny.fb_in22k_ft_in1k,stanford_cars,TRADES_v2,fully convolutional
70,,,,,,,,1,coatnet_0_rw_224.sw_in1k,stanford_cars,TRADES_v2,hybrid
71,,,,,,,,2,coatnet_2_rw_224.sw_in12k_ft_in1k,stanford_cars,TRADES_v2,hybrid
72,,,,,,,,2,coatnet_2_rw_224.sw_in12k,stanford_cars,TRADES_v2,hybrid
80,0.941,0.811,,,,,,2,CLIP-convnext_base_w-laion_aesthetic-s13B-b82K,caltech101,TRADES_v2,fully convolutional
81,0.941,0.803,,,,,,2,CLIP-convnext_base_w-laion2B-s13B-b82K,caltech101,TRADES_v2,fully convolutional
82,0.895,0.705,0.783,0.735,0.798,3.916,0.28977715536525,1,deit_small_patch16_224.fb_in1k,caltech101,TRADES_v2,fully attention
83,0.958,0.832,0.611,0.148,0.824,3.3729999999999998,0.05939077229363199,1,robust_resnet50,caltech101,TRADES_v2,fully convolutional
84,0.83,0.002,0.0,0.044,0.682,1.558,0.0,1,vit_small_patch16_224.augreg_in21k,caltech101,TRADES_v2,fully attention
85,0.952,0.816,,,,,,2,convnext_base.fb_in1k,caltech101,TRADES_v2,fully convolutional
86,0.901,0.171,0.4106666666666667,0.6213333333333333,0.752,2.856,0.029563295770624,1,resnet50.a1_in1k,caltech101,TRADES_v2,fully convolutional
87,0.943,0.814,0.855,0.755,0.884,4.251,0.4380275524481999,2,robust_vit_base_patch16_224,caltech101,TRADES_v2,fully attention
88,0.914,0.759,0.6,0.155,0.8,3.2279999999999998,0.05161321440000001,2,vit_base_patch16_224.mae,caltech101,TRADES_v2,fully attention
89,0.714,0.474,0.552,0.546,0.572,2.858,0.05834508846566399,1,vit_small_patch16_224.dino,caltech101,TRADES_v2,fully attention
90,,,,,,,,2,convnext_base.fb_in22k,caltech101,TRADES_v2,fully convolutional
91,,,,,,,,2,robust_convnext_base,caltech101,TRADES_v2,fully convolutional
92,0.901,0.691,0.748,0.7173333333333334,0.804,3.8613333333333335,0.26858484094604806,2,vit_base_patch16_224.augreg_in1k,caltech101,TRADES_v2,fully attention
93,0.894,0.737,0.802,0.733,0.81,3.976,0.31373889922188003,2,vit_base_patch16_224.augreg_in21k,caltech101,TRADES_v2,fully attention
94,0.921,0.765,0.829,0.7573333333333333,0.824,4.096333333333333,0.3644935771737599,2,vit_base_patch16_clip_224.laion2b,caltech101,TRADES_v2,fully attention
95,0.929,0.778,0.85,0.822,0.846,4.225,0.4272247627524,1,convnext_tiny.fb_in1k,caltech101,TRADES_v2,fully convolutional
96,0.967,0.899,0.844,0.5866666666666667,0.896,4.192666666666667,0.3856808141073067,1,robust_convnext_tiny,caltech101,TRADES_v2,fully convolutional
97,0.9546666666666667,0.8346666666666667,0.834,0.692,0.864,4.179333333333333,0.39732941360332796,1,robust_deit_small_patch16_224,caltech101,TRADES_v2,fully attention
98,0.872,0.6026666666666667,0.711,0.682,0.772,3.639666666666667,0.19672743616204802,1,vit_small_patch16_224.augreg_in1k,caltech101,TRADES_v2,fully attention
99,0.937,0.763,0.842,0.805,0.849,4.196000000000001,0.41141468656239005,1,convnext_tiny.fb_in22k,caltech101,TRADES_v2,fully convolutional
100,0.919,0.774,0.82,0.776,0.832,4.1209999999999996,0.37657837062144,2,vit_base_patch16_clip_224.laion2b_ft_in1k,caltech101,TRADES_v2,fully attention
101,0.917,0.739,0.811,0.666,0.829,3.9619999999999997,0.303433403191002,2,vit_base_patch16_224.augreg_in21k_ft_in1k,caltech101,TRADES_v2,fully attention
102,0.848,0.65,0.712,0.702,0.753,3.665,0.20745375056639997,1,vit_small_patch16_224.augreg_in21k_ft_in1k,caltech101,TRADES_v2,fully attention
103,,,,,,,,2,eva02_base_patch14_224.mim_in22k,caltech101,TRADES_v2,fully attention
104,0.864,0.678,0.756,0.722,0.748,3.768,0.23916852617011197,1,eva02_tiny_patch14_224.mim_in22k,caltech101,TRADES_v2,fully attention
105,0.938,0.801,,,,,,2,swin_base_patch4_window7_224.ms_in22k_ft_in1k,caltech101,TRADES_v2,fully attention
106,0.902,0.718,0.793,0.732,0.787,3.9320000000000004,0.29586254077723206,1,swin_tiny_patch4_window7_224.ms_in1k,caltech101,TRADES_v2,fully attention
107,0.931,0.808,,,,,,2,convnext_base.clip_laion2b_augreg_ft_in12k_in1k,caltech101,TRADES_v2,fully convolutional
108,0.954,0.834,,,,,,2,convnext_base.fb_in22k_ft_in1k,caltech101,TRADES_v2,fully convolutional
109,0.95,0.83,0.871,0.836,0.864,4.351,0.496066469184,1,convnext_tiny.fb_in22k_ft_in1k,caltech101,TRADES_v2,fully convolutional
110,0.88,0.7346666666666667,0.791,0.731,0.764,3.900666666666667,0.28560133071829336,1,coatnet_0_rw_224.sw_in1k,caltech101,TRADES_v2,hybrid
111,,,,,,,,2,coatnet_2_rw_224.sw_in12k_ft_in1k,caltech101,TRADES_v2,hybrid
112,,,,,,,,2,coatnet_2_rw_224.sw_in12k,caltech101,TRADES_v2,hybrid
120,0.717,0.444,0.33066666666666666,0.046,0.6253333333333333,2.1630000000000003,0.0030280424151039997,2,CLIP-convnext_base_w-laion_aesthetic-s13B-b82K,fgvc-aircraft-2013b,TRADES_v2,fully convolutional
121,0.739,0.46,0.33066666666666666,0.04,0.66,2.2296666666666667,0.002967540224,2,CLIP-convnext_base_w-laion2B-s13B-b82K,fgvc-aircraft-2013b,TRADES_v2,fully convolutional
122,0.07333333333333333,0.005333333333333333,0.008,0.008,0.044,0.13866666666666666,1.101368888888889e-09,1,deit_small_patch16_224.fb_in1k,fgvc-aircraft-2013b,TRADES_v2,fully attention
123,0.631,0.349,0.048,0.0,0.52,1.548,0.0,1,robust_resnet50,fgvc-aircraft-2013b,TRADES_v2,fully convolutional
124,0.455,0.12,0.097,0.010666666666666666,0.394,1.0766666666666667,2.22581632e-05,1,vit_small_patch16_224.augreg_in21k,fgvc-aircraft-2013b,TRADES_v2,fully attention
125,0.649,0.305,0.291,0.095,0.586,1.9259999999999997,0.0032067030616499998,2,convnext_base.fb_in1k,fgvc-aircraft-2013b,TRADES_v2,fully convolutional
126,0.49,0.0,0.0,0.001,0.428,0.919,0.0,1,resnet50.a1_in1k,fgvc-aircraft-2013b,TRADES_v2,fully convolutional
127,0.516,0.222,0.191,0.021,0.47,1.42,0.00021594999384,2,robust_vit_base_patch16_224,fgvc-aircraft-2013b,TRADES_v2,fully attention
128,0.564,0.232,0.17,0.019,0.476,1.4609999999999999,0.00020117618304,2,vit_base_patch16_224.mae,fgvc-aircraft-2013b,TRADES_v2,fully attention
129,0.02666666666666667,0.004,0.008,0.0026666666666666666,0.027,0.06833333333333333,6.144e-11,1,vit_small_patch16_224.dino,fgvc-aircraft-2013b,TRADES_v2,fully attention
130,0.663,0.37,0.342,0.133,0.59,2.098,0.0065833206894,2,convnext_base.fb_in22k,fgvc-aircraft-2013b,TRADES_v2,fully convolutional
131,0.655,0.427,0.2986666666666667,0.07466666666666667,0.588,2.0433333333333334,0.0036674146850133337,2,robust_convnext_base,fgvc-aircraft-2013b,TRADES_v2,fully convolutional
132,0.497,0.155,0.128,0.017,0.43,1.227,7.20801088e-05,2,vit_base_patch16_224.augreg_in1k,fgvc-aircraft-2013b,TRADES_v2,fully attention
133,0.178,0.011,0.016,0.004,0.154,0.363,1.9298047999999997e-08,2,vit_base_patch16_224.augreg_in21k,fgvc-aircraft-2013b,TRADES_v2,fully attention
134,0.391,0.129,0.06,0.007,0.3,0.887,6.355314000000001e-06,2,vit_base_patch16_clip_224.laion2b,fgvc-aircraft-2013b,TRADES_v2,fully attention
135,0.604,0.196,0.22266666666666668,0.056,0.509,1.5876666666666668,0.0007513703046826667,1,convnext_tiny.fb_in1k,fgvc-aircraft-2013b,TRADES_v2,fully convolutional
136,0.288,0.052,0.012,0.0026666666666666666,0.228,0.5826666666666667,1.0926489599999999e-07,1,robust_convnext_tiny,fgvc-aircraft-2013b,TRADES_v2,fully convolutional
137,0.6213333333333333,0.3253333333333333,0.219,0.022,0.566,1.7536666666666667,0.0005512345663146665,1,robust_deit_small_patch16_224,fgvc-aircraft-2013b,TRADES_v2,fully attention
138,0.035,0.007,0.007,0.006,0.030666666666666665,0.08566666666666667,3.1556000000000005e-10,1,vit_small_patch16_224.augreg_in1k,fgvc-aircraft-2013b,TRADES_v2,fully attention
139,0.628,0.33066666666666666,0.324,0.105,0.536,1.9236666666666666,0.0037865976422400004,1,convnext_tiny.fb_in22k,fgvc-aircraft-2013b,TRADES_v2,fully convolutional
140,0.499,0.179,0.079,0.004,0.4146666666666667,1.1756666666666666,1.1704147461333334e-05,2,vit_base_patch16_clip_224.laion2b_ft_in1k,fgvc-aircraft-2013b,TRADES_v2,fully attention
141,0.1,0.009,0.01,0.001,0.088,0.208,7.920000000000001e-10,2,vit_base_patch16_224.augreg_in21k_ft_in1k,fgvc-aircraft-2013b,TRADES_v2,fully attention
142,0.467,0.113,0.092,0.008,0.4093333333333333,1.0893333333333333,1.5898283989333334e-05,1,vit_small_patch16_224.augreg_in21k_ft_in1k,fgvc-aircraft-2013b,TRADES_v2,fully attention
143,0.5946666666666667,0.328,0.331,0.09866666666666667,0.541,1.8933333333333335,0.003446221235825778,2,eva02_base_patch14_224.mim_in22k,fgvc-aircraft-2013b,TRADES_v2,fully attention
144,0.397,0.04,0.02,0.005,0.308,0.77,4.89104e-07,1,eva02_tiny_patch14_224.mim_in22k,fgvc-aircraft-2013b,TRADES_v2,fully attention
145,0.606,0.298,0.264,0.068,0.52,1.756,0.0016857962035200004,2,swin_base_patch4_window7_224.ms_in22k_ft_in1k,fgvc-aircraft-2013b,TRADES_v2,fully attention
146,0.558,0.208,0.177,0.034,0.469,1.4460000000000002,0.000327583908288,1,swin_tiny_patch4_window7_224.ms_in1k,fgvc-aircraft-2013b,TRADES_v2,fully attention
147,0.631,0.374,0.275,0.05466666666666667,0.54,1.8746666666666665,0.0019157992920000005,2,convnext_base.clip_laion2b_augreg_ft_in12k_in1k,fgvc-aircraft-2013b,TRADES_v2,fully convolutional
148,0.66,0.379,0.352,0.11,0.579,2.08,0.0056078586432,2,convnext_base.fb_in22k_ft_in1k,fgvc-aircraft-2013b,TRADES_v2,fully convolutional
149,0.503,0.02,0.028,0.021,0.42,0.992,2.4844175999999998e-06,1,convnext_tiny.fb_in22k_ft_in1k,fgvc-aircraft-2013b,TRADES_v2,fully convolutional
150,0.506,0.195,0.174,0.04,0.425,1.34,0.00029186586,1,coatnet_0_rw_224.sw_in1k,fgvc-aircraft-2013b,TRADES_v2,hybrid
151,0.614,0.322,,0.048,,,,2,coatnet_2_rw_224.sw_in12k_ft_in1k,fgvc-aircraft-2013b,TRADES_v2,hybrid
152,,,,,,,,2,coatnet_2_rw_224.sw_in12k,fgvc-aircraft-2013b,TRADES_v2,hybrid
160,0.88,0.624,0.671,0.444,0.7893333333333333,3.408333333333333,0.12913179721728002,2,CLIP-convnext_base_w-laion_aesthetic-s13B-b82K,flowers-102,TRADES_v2,fully convolutional
161,0.864,0.597,,,,,,2,CLIP-convnext_base_w-laion2B-s13B-b82K,flowers-102,TRADES_v2,fully convolutional
162,0.012,0.0,0.0,0.0,0.010666666666666666,0.02266666666666667,0.0,1,deit_small_patch16_224.fb_in1k,flowers-102,TRADES_v2,fully attention
163,0.72,0.46,0.182,0.02,0.606,1.988,0.0007305742079999999,1,robust_resnet50,flowers-102,TRADES_v2,fully convolutional
164,0.804,0.0,0.0,0.0,0.584,1.388,0.0,1,vit_small_patch16_224.augreg_in21k,flowers-102,TRADES_v2,fully attention
165,0.8106666666666666,0.47333333333333333,,,,,,2,convnext_base.fb_in1k,flowers-102,TRADES_v2,fully convolutional
166,0.756,0.0,0.0,0.001,0.5586666666666666,1.3156666666666665,0.0,1,resnet50.a1_in1k,flowers-102,TRADES_v2,fully convolutional
167,0.471,0.054,0.12,0.036,0.4186666666666667,1.0996666666666668,4.6000949759999996e-05,2,robust_vit_base_patch16_224,flowers-102,TRADES_v2,fully attention
168,0.3,0.09,0.07466666666666667,0.004,0.249,0.7176666666666667,2.007936e-06,2,vit_base_patch16_224.mae,flowers-102,TRADES_v2,fully attention
169,0.024,0.0,0.0,0.0,0.033,0.057,0.0,1,vit_small_patch16_224.dino,flowers-102,TRADES_v2,fully attention
170,0.906,0.686,,,,,,2,convnext_base.fb_in22k,flowers-102,TRADES_v2,fully convolutional
171,0.414,0.108,0.126,0.053,0.34933333333333333,1.0503333333333333,0.00010430629977599998,2,robust_convnext_base,flowers-102,TRADES_v2,fully convolutional
172,0.191,0.031,0.06,0.041,0.154,0.477,2.24311164e-06,2,vit_base_patch16_224.augreg_in1k,flowers-102,TRADES_v2,fully attention
173,0.811,0.202,0.255,0.005,0.73,2.003,0.00015247732650000003,2,vit_base_patch16_224.augreg_in21k,flowers-102,TRADES_v2,fully attention
174,0.806,0.478,0.5493333333333333,0.341,0.692,2.8663333333333334,0.04994124496580267,2,vit_base_patch16_clip_224.laion2b,flowers-102,TRADES_v2,fully attention
175,0.868,0.0,0.0,0.002,0.772,1.642,0.0,1,convnext_tiny.fb_in1k,flowers-102,TRADES_v2,fully convolutional
176,0.804,0.6053333333333333,0.5253333333333333,0.264,0.703,2.901666666666667,0.047450943096831996,1,robust_convnext_tiny,flowers-102,TRADES_v2,fully convolutional
177,0.7706666666666667,0.5333333333333333,0.524,0.19466666666666665,0.687,2.709666666666667,0.028803477185422227,1,robust_deit_small_patch16_224,flowers-102,TRADES_v2,fully attention
178,0.25866666666666666,0.0,0.0,0.0,0.16666666666666666,0.42533333333333334,0.0,1,vit_small_patch16_224.augreg_in1k,flowers-102,TRADES_v2,fully attention
179,0.862,0.558,0.688,0.5546666666666666,0.776,3.4386666666666663,0.142437286477824,1,convnext_tiny.fb_in22k,flowers-102,TRADES_v2,fully convolutional
180,0.815,0.084,0.224,0.173,0.724,2.02,0.0019207444300799999,2,vit_base_patch16_clip_224.laion2b_ft_in1k,flowers-102,TRADES_v2,fully attention
181,,,,,,,,2,vit_base_patch16_224.augreg_in21k_ft_in1k,flowers-102,TRADES_v2,fully attention
182,0.627,0.03,0.128,0.04666666666666667,0.526,1.3576666666666668,5.910051840000001e-05,1,vit_small_patch16_224.augreg_in21k_ft_in1k,flowers-102,TRADES_v2,fully attention
183,0.828,0.5386666666666666,0.625,0.404,0.7186666666666667,3.114333333333333,0.08093555008,2,eva02_base_patch14_224.mim_in22k,flowers-102,TRADES_v2,fully attention
184,0.229,0.067,0.079,0.056,0.192,0.623,1.3032466944000001e-05,1,eva02_tiny_patch14_224.mim_in22k,flowers-102,TRADES_v2,fully attention
185,0.859,0.532,0.658,0.545,0.744,3.338,0.12192706720992003,2,swin_base_patch4_window7_224.ms_in22k_ft_in1k,flowers-102,TRADES_v2,fully attention
186,0.206,0.071,0.076,0.052,0.174,0.579,1.0057539647999996e-05,1,swin_tiny_patch4_window7_224.ms_in1k,flowers-102,TRADES_v2,fully attention
187,0.86,0.604,0.664,0.409,0.779,3.316,0.10989153376576,2,convnext_base.clip_laion2b_augreg_ft_in12k_in1k,flowers-102,TRADES_v2,fully convolutional
188,0.9,0.6706666666666666,,,,,,2,convnext_base.fb_in22k_ft_in1k,flowers-102,TRADES_v2,fully convolutional
189,0.858,0.56,0.678,0.5306666666666666,0.785,3.411666666666667,0.1357051952256,1,convnext_tiny.fb_in22k_ft_in1k,flowers-102,TRADES_v2,fully convolutional
190,0.53,0.0,0.0,0.0,0.291,0.821,0.0,1,coatnet_0_rw_224.sw_in1k,flowers-102,TRADES_v2,hybrid
191,,,,,,,,2,coatnet_2_rw_224.sw_in12k_ft_in1k,flowers-102,TRADES_v2,hybrid
192,,,,,,,,2,coatnet_2_rw_224.sw_in12k,flowers-102,TRADES_v2,hybrid
200,0.814,0.429,,0.104,,,,2,CLIP-convnext_base_w-laion_aesthetic-s13B-b82K,oxford-iiit-pet,TRADES_v2,fully convolutional
201,0.825,0.445,,0.102,,,,2,CLIP-convnext_base_w-laion2B-s13B-b82K,oxford-iiit-pet,TRADES_v2,fully convolutional
202,0.037,0.005,0.003,0.0,0.03,0.075,0.0,1,deit_small_patch16_224.fb_in1k,oxford-iiit-pet,TRADES_v2,fully attention
203,0.807,0.427,0.024,0.0,0.654,1.912,0.0,1,robust_resnet50,oxford-iiit-pet,TRADES_v2,fully convolutional
204,0.776,0.0,0.0,0.0,0.64,1.416,0.0,1,vit_small_patch16_224.augreg_in21k,oxford-iiit-pet,TRADES_v2,fully attention
205,0.852,0.472,0.474,0.248,0.726,2.772,0.03432007566028799,2,convnext_base.fb_in1k,oxford-iiit-pet,TRADES_v2,fully convolutional
206,0.897,0.0,0.0,0.022,0.708,1.627,0.0,1,resnet50.a1_in1k,oxford-iiit-pet,TRADES_v2,fully convolutional
207,0.602,0.063,0.112,0.008,0.469,1.254,1.5937415424e-05,2,robust_vit_base_patch16_224,oxford-iiit-pet,TRADES_v2,fully attention
208,0.77,0.293,0.276,0.024,0.595,1.958,0.0008891921808,2,vit_base_patch16_224.mae,oxford-iiit-pet,TRADES_v2,fully attention
209,0.024,0.008,0.004,0.002,0.032,0.07,4.9152000000000004e-11,1,vit_small_patch16_224.dino,oxford-iiit-pet,TRADES_v2,fully attention
210,0.82,0.439,0.494,0.236,0.69,2.679,0.02895785674079999,2,convnext_base.fb_in22k,oxford-iiit-pet,TRADES_v2,fully convolutional
211,0.878,0.648,0.5,0.13,0.7493333333333333,2.905333333333333,0.027711365760000002,2,robust_convnext_base,oxford-iiit-pet,TRADES_v2,fully convolutional
212,0.712,0.19,0.258,0.07,0.562,1.792,0.0013730541216,2,vit_base_patch16_224.augreg_in1k,oxford-iiit-pet,TRADES_v2,fully attention
213,0.181,0.009,0.014,0.003,0.14,0.34700000000000003,9.57852e-09,2,vit_base_patch16_224.augreg_in21k,oxford-iiit-pet,TRADES_v2,fully attention
214,0.786,0.304,0.33866666666666667,0.077,0.656,2.1616666666666666,0.004087550652416,2,vit_base_patch16_clip_224.laion2b,oxford-iiit-pet,TRADES_v2,fully attention
215,0.8226666666666667,0.37333333333333335,0.43866666666666665,0.165,0.658,2.4576666666666664,0.014627332747377781,1,convnext_tiny.fb_in1k,oxford-iiit-pet,TRADES_v2,fully convolutional
216,0.86,0.592,0.224,0.007,0.7626666666666667,2.4456666666666664,0.0006088369220266668,1,robust_convnext_tiny,oxford-iiit-pet,TRADES_v2,fully convolutional
217,0.839,0.51,0.328,0.033,0.727,2.437,0.0033670869487200006,1,robust_deit_small_patch16_224,oxford-iiit-pet,TRADES_v2,fully attention
218,0.703,0.151,0.193,0.028,0.56,1.635,0.00032124445472000003,1,vit_small_patch16_224.augreg_in1k,oxford-iiit-pet,TRADES_v2,fully attention
219,0.768,0.332,0.389,0.172,0.6333333333333333,2.2943333333333333,0.0108046249984,1,convnext_tiny.fb_in22k,oxford-iiit-pet,TRADES_v2,fully convolutional
220,0.705,0.255,0.2613333333333333,0.037,0.539,1.7973333333333334,0.0009369460715999999,2,vit_base_patch16_clip_224.laion2b_ft_in1k,oxford-iiit-pet,TRADES_v2,fully attention
221,0.62,0.144,0.20133333333333334,0.06133333333333333,0.496,1.5226666666666666,0.0005468246835199999,2,vit_base_patch16_224.augreg_in21k_ft_in1k,oxford-iiit-pet,TRADES_v2,fully attention
222,0.449,0.0,0.0,0.0,0.325,0.774,0.0,1,vit_small_patch16_224.augreg_in21k_ft_in1k,oxford-iiit-pet,TRADES_v2,fully attention
223,0.768,0.36666666666666664,0.451,0.224,0.631,2.440666666666667,0.0179509141504,2,eva02_base_patch14_224.mim_in22k,oxford-iiit-pet,TRADES_v2,fully attention
224,0.819,0.003,0.007,0.01,0.63,1.4689999999999999,1.083537e-07,1,eva02_tiny_patch14_224.mim_in22k,oxford-iiit-pet,TRADES_v2,fully attention
225,0.787,0.336,0.43,0.216,0.656,2.425,0.01611165136896,2,swin_base_patch4_window7_224.ms_in22k_ft_in1k,oxford-iiit-pet,TRADES_v2,fully attention
226,0.753,0.258,0.352,0.13,0.598,2.0909999999999997,0.00531620698752,1,swin_tiny_patch4_window7_224.ms_in1k,oxford-iiit-pet,TRADES_v2,fully attention
227,0.192,0.015,0.043,0.059,0.169,0.478,1.2348086399999998e-06,2,convnext_base.clip_laion2b_augreg_ft_in12k_in1k,oxford-iiit-pet,TRADES_v2,fully convolutional
228,0.819,0.424,0.492,0.25333333333333335,0.7013333333333334,2.6896666666666667,0.030355100805119998,2,convnext_base.fb_in22k_ft_in1k,oxford-iiit-pet,TRADES_v2,fully convolutional
229,0.651,0.248,0.28,0.20266666666666666,0.52,1.9016666666666668,0.004764050636800001,1,convnext_tiny.fb_in22k_ft_in1k,oxford-iiit-pet,TRADES_v2,fully convolutional
230,0.777,0.013,0.071,0.158,0.571,1.5899999999999999,6.4701733278e-05,1,coatnet_0_rw_224.sw_in1k,oxford-iiit-pet,TRADES_v2,hybrid
231,,,,,,,,2,coatnet_2_rw_224.sw_in12k_ft_in1k,oxford-iiit-pet,TRADES_v2,hybrid
232,,,,,,,,2,coatnet_2_rw_224.sw_in12k,oxford-iiit-pet,TRADES_v2,hybrid
240,0.9380952380952381,0.7595238095238095,0.8666666666666667,0.7333333333333333,0.8,4.097619047619047,0.3622695490047871,2,CLIP-convnext_base_w-laion_aesthetic-s13B-b82K,uc-merced-land-use-dataset,CLASSIC_AT,fully convolutional
241,0.9452380952380952,0.7571428571428571,0.8571428571428571,0.6904761904761905,0.7952380952380952,4.045238095238095,0.3368357199050659,2,CLIP-convnext_base_w-laion2B-s13B-b82K,uc-merced-land-use-dataset,CLASSIC_AT,fully convolutional
242,0.9452380952380952,0.6023809523809524,0.7936507936507936,0.7,0.8,3.841269841269841,0.2530637440161249,1,deit_small_patch16_224.fb_in1k,uc-merced-land-use-dataset,CLASSIC_AT,fully attention
243,0.5238095238095238,0.3,0.2857142857142857,0.18095238095238095,0.3904761904761905,1.680952380952381,0.003172381877921236,1,robust_resnet50,uc-merced-land-use-dataset,CLASSIC_AT,fully convolutional
244,0.44285714285714284,0.2619047619047619,0.3238095238095238,0.29523809523809524,0.30714285714285716,1.630952380952381,0.003405724246290677,1,vit_small_patch16_224.augreg_in21k,uc-merced-land-use-dataset,CLASSIC_AT,fully attention
245,0.48095238095238096,0.0,0.0,0.0,0.37857142857142856,0.8595238095238096,0.0,2,convnext_base.fb_in1k,uc-merced-land-use-dataset,CLASSIC_AT,fully convolutional
246,0.6404761904761904,0.0,0.0,0.0,0.41904761904761906,1.0595238095238095,0.0,1,resnet50.a1_in1k,uc-merced-land-use-dataset,CLASSIC_AT,fully convolutional
247,0.1746031746031746,0.02857142857142857,0.02142857142857143,0.009523809523809525,0.12142857142857143,0.35555555555555557,1.2362573795310156e-07,2,robust_vit_base_patch16_224,uc-merced-land-use-dataset,CLASSIC_AT,fully attention
248,0.9333333333333333,0.6333333333333333,0.7047619047619048,0.36666666666666664,0.7380952380952381,3.376190476190476,0.11274450323339213,2,vit_base_patch16_224.mae,uc-merced-land-use-dataset,CLASSIC_AT,fully attention
249,0.40476190476190477,0.2833333333333333,0.3119047619047619,0.22857142857142856,0.3476190476190476,1.5761904761904764,0.00284213573562456,1,vit_small_patch16_224.dino,uc-merced-land-use-dataset,CLASSIC_AT,fully attention
250,0.21904761904761905,0.08571428571428572,0.1365079365079365,0.1595238095238095,0.1880952380952381,0.7888888888888889,7.690471415863613e-05,2,convnext_base.fb_in22k,uc-merced-land-use-dataset,CLASSIC_AT,fully convolutional
251,0.16428571428571428,0.12142857142857143,0.1619047619047619,0.10476190476190476,0.12698412698412698,0.6793650793650793,4.2966812035255744e-05,2,robust_convnext_base,uc-merced-land-use-dataset,CLASSIC_AT,fully convolutional
252,0.9357142857142857,0.6928571428571428,0.8095238095238095,0.6857142857142857,0.7857142857142857,3.90952380952381,0.28276420539061103,2,vit_base_patch16_224.augreg_in1k,uc-merced-land-use-dataset,CLASSIC_AT,fully attention
253,0.8571428571428571,0.530952380952381,0.6698412698412698,0.38095238095238093,0.6761904761904762,3.1150793650793647,0.07852725679409005,2,vit_base_patch16_224.augreg_in21k,uc-merced-land-use-dataset,CLASSIC_AT,fully attention
254,0.9428571428571428,0.5555555555555556,0.680952380952381,0.6523809523809524,0.707936507936508,3.53968253968254,0.1647349372603665,2,vit_base_patch16_clip_224.laion2b,uc-merced-land-use-dataset,CLASSIC_AT,fully attention
255,0.95,0.75,0.873015873015873,0.7841269841269841,0.8095238095238095,4.166666666666666,0.3948417197566857,1,convnext_tiny.fb_in1k,uc-merced-land-use-dataset,CLASSIC_AT,fully convolutional
256,,,,,,,,1,robust_convnext_tiny,uc-merced-land-use-dataset,CLASSIC_AT,fully convolutional
257,0.9547619047619048,0.8238095238095238,0.8666666666666667,0.5619047619047619,0.8507936507936508,4.057936507936508,0.3258824229730525,1,robust_deit_small_patch16_224,uc-merced-land-use-dataset,CLASSIC_AT,fully attention
258,0.1746031746031746,0.12063492063492064,0.08095238095238096,0.07857142857142857,0.12380952380952381,0.5785714285714285,1.6587216297213676e-05,1,vit_small_patch16_224.augreg_in1k,uc-merced-land-use-dataset,CLASSIC_AT,fully attention
259,0.95,0.7642857142857142,0.8809523809523809,0.7880952380952381,0.8,4.183333333333333,0.40327423064463874,1,convnext_tiny.fb_in22k,uc-merced-land-use-dataset,CLASSIC_AT,fully convolutional
260,0.48253968253968255,0.09841269841269841,0.1523809523809524,0.23095238095238096,0.4031746031746032,1.3674603174603175,0.0006737991655754659,2,vit_base_patch16_clip_224.laion2b_ft_in1k,uc-merced-land-use-dataset,CLASSIC_AT,fully attention
261,0.20952380952380953,0.14047619047619048,0.09761904761904762,0.06190476190476191,0.1619047619047619,0.6714285714285714,2.8797470973416187e-05,2,vit_base_patch16_224.augreg_in21k_ft_in1k,uc-merced-land-use-dataset,CLASSIC_AT,fully attention
262,,,,,,,,1,vit_small_patch16_224.augreg_in21k_ft_in1k,uc-merced-land-use-dataset,CLASSIC_AT,fully attention
263,0.95,0.7595238095238095,0.8698412698412699,0.7428571428571429,0.7968253968253968,4.119047619047619,0.37151254069377815,2,eva02_base_patch14_224.mim_in22k,uc-merced-land-use-dataset,CLASSIC_AT,fully attention
264,0.48253968253968255,0.28888888888888886,0.3547619047619048,0.32857142857142857,0.35873015873015873,1.8134920634920635,0.005829060144311917,1,eva02_tiny_patch14_224.mim_in22k,uc-merced-land-use-dataset,CLASSIC_AT,fully attention
265,0.9428571428571428,0.7380952380952381,0.8793650793650793,0.8333333333333334,0.8023809523809524,4.196031746031746,0.40919175909214783,2,swin_base_patch4_window7_224.ms_in22k_ft_in1k,uc-merced-land-use-dataset,CLASSIC_AT,fully attention
266,0.9357142857142857,0.5857142857142857,0.7880952380952381,0.7547619047619047,0.75,3.814285714285714,0.24450008546786062,1,swin_tiny_patch4_window7_224.ms_in1k,uc-merced-land-use-dataset,CLASSIC_AT,fully attention
267,,,,,,,,2,convnext_base.clip_laion2b_augreg_ft_in12k_in1k,uc-merced-land-use-dataset,CLASSIC_AT,fully convolutional
268,0.9761904761904762,0.7880952380952381,0.8920634920634921,0.8,0.8666666666666667,4.323015873015873,0.4758292289049659,2,convnext_base.fb_in22k_ft_in1k,uc-merced-land-use-dataset,CLASSIC_AT,fully convolutional
269,0.9523809523809523,0.7285714285714285,0.8357142857142857,0.7396825396825397,0.7904761904761904,4.046825396825397,0.33905864619900433,1,convnext_tiny.fb_in22k_ft_in1k,uc-merced-land-use-dataset,CLASSIC_AT,fully convolutional
270,,,,,,,,1,coatnet_0_rw_224.sw_in1k,uc-merced-land-use-dataset,CLASSIC_AT,hybrid
271,0.9285714285714286,0.7071428571428572,0.8142857142857143,0.65,0.7833333333333333,3.8833333333333333,0.27224458819241987,2,coatnet_2_rw_224.sw_in12k_ft_in1k,uc-merced-land-use-dataset,CLASSIC_AT,hybrid
272,0.8666666666666667,0.6095238095238096,0.6761904761904762,0.6095238095238096,0.6952380952380952,3.4571428571428573,0.1513686904804754,2,coatnet_2_rw_224.sw_in12k,uc-merced-land-use-dataset,CLASSIC_AT,hybrid
280,0.6306666666666667,0.364,0.324,0.066,0.5066666666666667,1.8913333333333333,0.0024872104857600005,2,CLIP-convnext_base_w-laion_aesthetic-s13B-b82K,stanford_cars,CLASSIC_AT,fully convolutional
281,0.659,0.405,0.354,0.117,0.544,2.079,0.006013515867840002,2,CLIP-convnext_base_w-laion2B-s13B-b82K,stanford_cars,CLASSIC_AT,fully convolutional
282,0.022,0.014,0.019,0.016,0.021,0.092,1.9662720000000003e-09,1,deit_small_patch16_224.fb_in1k,stanford_cars,CLASSIC_AT,fully attention
283,0.694,0.366,0.084,0.0,0.537,1.681,0.0,1,robust_resnet50,stanford_cars,CLASSIC_AT,fully convolutional
284,,,,,,,,1,vit_small_patch16_224.augreg_in21k,stanford_cars,CLASSIC_AT,fully attention
285,0.636,0.29333333333333333,0.332,0.20133333333333334,0.4666666666666667,1.9293333333333336,0.005819411683555557,2,convnext_base.fb_in1k,stanford_cars,CLASSIC_AT,fully convolutional
286,0.539,0.039,0.085,0.032,0.381,1.076,2.1784482720000003e-05,1,resnet50.a1_in1k,stanford_cars,CLASSIC_AT,fully convolutional
287,0.05,0.012,0.021333333333333333,0.009333333333333334,0.048,0.14066666666666666,5.7344e-09,2,robust_vit_base_patch16_224,stanford_cars,CLASSIC_AT,fully attention
288,0.173,0.041,0.039,0.01,0.14,0.403,3.872778000000001e-07,2,vit_base_patch16_224.mae,stanford_cars,CLASSIC_AT,fully attention
289,0.01,0.01,0.006,0.0013333333333333333,0.012,0.03933333333333333,9.600000000000001e-12,1,vit_small_patch16_224.dino,stanford_cars,CLASSIC_AT,fully attention
290,0.7186666666666667,0.4186666666666667,0.42133333333333334,0.183,0.601,2.3426666666666667,0.013942712344860443,2,convnext_base.fb_in22k,stanford_cars,CLASSIC_AT,fully convolutional
291,0.518,0.244,0.254,0.097,0.4066666666666667,1.5196666666666667,0.0012663787457066669,2,robust_convnext_base,stanford_cars,CLASSIC_AT,fully convolutional
292,0.269,0.053,0.048,0.011,0.215,0.596,1.61845464e-06,2,vit_base_patch16_224.augreg_in1k,stanford_cars,CLASSIC_AT,fully attention
293,0.13333333333333333,0.02666666666666667,0.016,0.006,0.108,0.29,3.6864000000000005e-08,2,vit_base_patch16_224.augreg_in21k,stanford_cars,CLASSIC_AT,fully attention
294,0.079,0.024,0.016,0.006,0.06,0.185,1.092096e-08,2,vit_base_patch16_clip_224.laion2b,stanford_cars,CLASSIC_AT,fully attention
295,0.006666666666666667,0.006666666666666667,0.008,0.006666666666666667,0.008,0.036000000000000004,1.8962962962962968e-11,1,convnext_tiny.fb_in1k,stanford_cars,CLASSIC_AT,fully convolutional
296,0.02,0.013,0.012,0.012,0.016,0.073,5.990399999999999e-10,1,robust_convnext_tiny,stanford_cars,CLASSIC_AT,fully convolutional
297,0.42,0.12266666666666666,0.10133333333333333,0.019,0.32,0.9829999999999999,3.1741815466666666e-05,1,robust_deit_small_patch16_224,stanford_cars,CLASSIC_AT,fully attention
298,0.06266666666666666,0.024,0.025333333333333333,0.014,0.055,0.181,2.9338026666666664e-08,1,vit_small_patch16_224.augreg_in1k,stanford_cars,CLASSIC_AT,fully attention
299,0.6013333333333334,0.2773333333333333,0.31066666666666665,0.14133333333333334,0.473,1.8036666666666665,0.003463520402748049,1,convnext_tiny.fb_in22k,stanford_cars,CLASSIC_AT,fully convolutional
300,0.11866666666666667,0.02266666666666667,0.019,0.007,0.07066666666666667,0.238,2.528032474074074e-08,2,vit_base_patch16_clip_224.laion2b_ft_in1k,stanford_cars,CLASSIC_AT,fully attention
301,0.181,0.037,0.037333333333333336,0.006,0.136,0.39733333333333337,2.0401740800000002e-07,2,vit_base_patch16_224.augreg_in21k_ft_in1k,stanford_cars,CLASSIC_AT,fully attention
302,0.008,0.008,0.008,0.008,0.008,0.04,3.276800000000001e-11,1,vit_small_patch16_224.augreg_in21k_ft_in1k,stanford_cars,CLASSIC_AT,fully attention
303,0.222,0.077,0.09333333333333334,0.036,0.18,0.6083333333333333,1.03384512e-05,2,eva02_base_patch14_224.mim_in22k,stanford_cars,CLASSIC_AT,fully attention
304,0.008,0.008,0.006,0.009333333333333334,0.008,0.03933333333333333,2.8672000000000004e-11,1,eva02_tiny_patch14_224.mim_in22k,stanford_cars,CLASSIC_AT,fully attention
305,0.509,0.201,0.232,0.10133333333333333,0.393,1.4363333333333332,0.0009452500389120003,2,swin_base_patch4_window7_224.ms_in22k_ft_in1k,stanford_cars,CLASSIC_AT,fully attention
306,0.043,0.019,0.028,0.02,0.032,0.14200000000000002,1.464064e-08,1,swin_tiny_patch4_window7_224.ms_in1k,stanford_cars,CLASSIC_AT,fully attention
307,0.504,0.267,,0.091,,,,2,convnext_base.clip_laion2b_augreg_ft_in12k_in1k,stanford_cars,CLASSIC_AT,fully convolutional
308,0.6093333333333333,0.316,,0.15866666666666668,,,,2,convnext_base.fb_in22k_ft_in1k,stanford_cars,CLASSIC_AT,fully convolutional
309,0.122,0.062,0.075,0.05733333333333333,0.098,0.41433333333333333,3.1874696e-06,1,convnext_tiny.fb_in22k_ft_in1k,stanford_cars,CLASSIC_AT,fully convolutional
310,,,,,,,,1,coatnet_0_rw_224.sw_in1k,stanford_cars,CLASSIC_AT,hybrid
311,,,,,,,,2,coatnet_2_rw_224.sw_in12k_ft_in1k,stanford_cars,CLASSIC_AT,hybrid
312,,,,,,,,2,coatnet_2_rw_224.sw_in12k,stanford_cars,CLASSIC_AT,hybrid
320,0.884,0.736,,,,,,2,CLIP-convnext_base_w-laion_aesthetic-s13B-b82K,caltech101,CLASSIC_AT,fully convolutional
321,0.891,0.767,,,,,,2,CLIP-convnext_base_w-laion2B-s13B-b82K,caltech101,CLASSIC_AT,fully convolutional
322,0.261,0.187,0.229,0.21333333333333335,0.21733333333333332,1.1076666666666668,0.0005182062617600001,1,deit_small_patch16_224.fb_in1k,caltech101,CLASSIC_AT,fully attention
323,0.957,0.829,0.6253333333333333,0.156,0.838,3.4053333333333335,0.06485547801532798,1,robust_resnet50,caltech101,CLASSIC_AT,fully convolutional
324,0.77,0.53,0.648,0.586,0.656,3.19,0.10165834990080001,1,vit_small_patch16_224.augreg_in21k,caltech101,CLASSIC_AT,fully attention
325,0.944,0.804,,,,,,2,convnext_base.fb_in1k,caltech101,CLASSIC_AT,fully convolutional
326,0.907,0.531,0.677,0.687,0.786,3.5880000000000005,0.17606367387523805,1,resnet50.a1_in1k,caltech101,CLASSIC_AT,fully convolutional
327,0.9453333333333334,0.8346666666666667,0.872,0.76,0.888,4.3,0.4643453326404267,2,robust_vit_base_patch16_224,caltech101,CLASSIC_AT,fully attention
328,0.87,0.692,0.767,0.587,0.7813333333333333,3.697333333333333,0.21178498420767997,2,vit_base_patch16_224.mae,caltech101,CLASSIC_AT,fully attention
329,0.74,0.541,0.604,0.512,0.604,3.0010000000000003,0.07477782396928,1,vit_small_patch16_224.dino,caltech101,CLASSIC_AT,fully attention
330,0.9613333333333334,0.8346666666666667,,,,,,2,convnext_base.fb_in22k,caltech101,CLASSIC_AT,fully convolutional
331,0.976,0.904,,,,,,2,robust_convnext_base,caltech101,CLASSIC_AT,fully convolutional
332,0.877,0.683,0.756,0.681,0.78,3.777,0.24053806177128004,2,vit_base_patch16_224.augreg_in1k,caltech101,CLASSIC_AT,fully attention
333,0.844,0.6426666666666667,0.7093333333333334,0.6586666666666666,0.75,3.6046666666666667,0.1900664833137778,2,vit_base_patch16_224.augreg_in21k,caltech101,CLASSIC_AT,fully attention
334,0.782,0.6,0.652,0.609,0.669,3.3120000000000003,0.12463758044640003,2,vit_base_patch16_clip_224.laion2b,caltech101,CLASSIC_AT,fully attention
335,0.925,0.769,0.838,0.809,0.8266666666666667,4.167666666666667,0.39864933033733346,1,convnext_tiny.fb_in1k,caltech101,CLASSIC_AT,fully convolutional
336,0.569,0.491,0.512,0.528,0.522,2.622,0.03942467710156801,1,robust_convnext_tiny,caltech101,CLASSIC_AT,fully convolutional
337,,,,,,,,1,robust_deit_small_patch16_224,caltech101,CLASSIC_AT,fully attention
338,0.345,0.234,0.21733333333333332,0.184,0.287,1.2673333333333332,0.0009265332585599999,1,vit_small_patch16_224.augreg_in1k,caltech101,CLASSIC_AT,fully attention
339,0.464,0.38,0.43,0.436,0.42933333333333334,2.139333333333333,0.014192245998933333,1,convnext_tiny.fb_in22k,caltech101,CLASSIC_AT,fully convolutional
340,0.701,0.498,0.558,0.46,0.584,2.801,0.052330181189759996,2,vit_base_patch16_clip_224.laion2b_ft_in1k,caltech101,CLASSIC_AT,fully attention
341,0.886,0.709,0.783,0.73,0.787,3.895,0.28257862763142,2,vit_base_patch16_224.augreg_in21k_ft_in1k,caltech101,CLASSIC_AT,fully attention
342,0.843,0.614,0.706,0.6333333333333333,0.7186666666666667,3.5149999999999997,0.16632613466186666,1,vit_small_patch16_224.augreg_in21k_ft_in1k,caltech101,CLASSIC_AT,fully attention
343,,,,,,,,2,eva02_base_patch14_224.mim_in22k,caltech101,CLASSIC_AT,fully attention
344,0.568,0.426,0.49,0.439,0.4706666666666667,2.393666666666667,0.024498075969919996,1,eva02_tiny_patch14_224.mim_in22k,caltech101,CLASSIC_AT,fully attention
345,0.937,0.792,,,,,,2,swin_base_patch4_window7_224.ms_in22k_ft_in1k,caltech101,CLASSIC_AT,fully attention
346,0.884,0.709,0.7893333333333333,0.746,0.7586666666666667,3.887,0.27999403163670755,1,swin_tiny_patch4_window7_224.ms_in1k,caltech101,CLASSIC_AT,fully attention
347,0.914,0.787,,,,,,2,convnext_base.clip_laion2b_augreg_ft_in12k_in1k,caltech101,CLASSIC_AT,fully convolutional
348,0.9586666666666667,0.8186666666666667,,,,,,2,convnext_base.fb_in22k_ft_in1k,caltech101,CLASSIC_AT,fully convolutional
349,0.9053333333333333,0.7653333333333333,0.8293333333333334,0.8,0.812,4.112,0.3732796183589926,1,convnext_tiny.fb_in22k_ft_in1k,caltech101,CLASSIC_AT,fully convolutional
350,0.856,0.675,0.75,0.7133333333333334,0.74,3.7343333333333337,0.22875102000000003,1,coatnet_0_rw_224.sw_in1k,caltech101,CLASSIC_AT,hybrid
351,,,,,,,,2,coatnet_2_rw_224.sw_in12k_ft_in1k,caltech101,CLASSIC_AT,hybrid
352,,,,,,,,2,coatnet_2_rw_224.sw_in12k,caltech101,CLASSIC_AT,hybrid
360,0.188,0.072,0.082,0.038,0.171,0.551,7.212468096e-06,2,CLIP-convnext_base_w-laion_aesthetic-s13B-b82K,fgvc-aircraft-2013b,CLASSIC_AT,fully convolutional
361,0.342,0.172,0.178,0.082,0.291,1.065,0.000249851175264,2,CLIP-convnext_base_w-laion2B-s13B-b82K,fgvc-aircraft-2013b,CLASSIC_AT,fully convolutional
362,0.357,0.104,0.03,0.0,0.301,0.792,0.0,1,deit_small_patch16_224.fb_in1k,fgvc-aircraft-2013b,CLASSIC_AT,fully attention
363,0.579,0.366,0.053,0.004,0.509,1.5110000000000001,2.2867215912000003e-05,1,robust_resnet50,fgvc-aircraft-2013b,CLASSIC_AT,fully convolutional
364,0.06,0.028,0.024,0.009,0.048,0.16899999999999998,1.7418239999999998e-08,1,vit_small_patch16_224.augreg_in21k,fgvc-aircraft-2013b,CLASSIC_AT,fully attention
365,0.555,0.269,0.26,0.086,0.47733333333333333,1.6473333333333335,0.0015934514128,2,convnext_base.fb_in1k,fgvc-aircraft-2013b,CLASSIC_AT,fully convolutional
366,0.344,0.003,0.009,0.014,0.27,0.64,3.510864e-08,1,resnet50.a1_in1k,fgvc-aircraft-2013b,CLASSIC_AT,fully convolutional
367,0.091,0.015,0.018,0.01,0.068,0.202,1.67076e-08,2,robust_vit_base_patch16_224,fgvc-aircraft-2013b,CLASSIC_AT,fully attention
368,0.421,0.168,0.137,0.024,0.3586666666666667,1.1086666666666667,8.340924748800002e-05,2,vit_base_patch16_224.mae,fgvc-aircraft-2013b,CLASSIC_AT,fully attention
369,0.044,0.02,0.01,0.006,0.044,0.124,2.3231999999999996e-09,1,vit_small_patch16_224.dino,fgvc-aircraft-2013b,CLASSIC_AT,fully attention
370,0.66,0.356,0.35733333333333334,0.17,0.546,2.0893333333333333,0.007793078092800001,2,convnext_base.fb_in22k,fgvc-aircraft-2013b,CLASSIC_AT,fully convolutional
371,0.563,0.335,0.202,0.04,0.482,1.6219999999999999,0.0007345334888,2,robust_convnext_base,fgvc-aircraft-2013b,CLASSIC_AT,fully convolutional
372,0.352,0.09733333333333333,0.04933333333333333,0.011,0.276,0.7856666666666666,5.131525461333333e-06,2,vit_base_patch16_224.augreg_in1k,fgvc-aircraft-2013b,CLASSIC_AT,fully attention
373,0.114,0.03,0.023,0.013333333333333334,0.088,0.2683333333333333,9.22944e-08,2,vit_base_patch16_224.augreg_in21k,fgvc-aircraft-2013b,CLASSIC_AT,fully attention
374,0.06,0.024,0.018,0.008,0.05466666666666667,0.16466666666666666,1.1335679999999999e-08,2,vit_base_patch16_clip_224.laion2b,fgvc-aircraft-2013b,CLASSIC_AT,fully attention
375,0.42,0.15,0.189,0.112,0.356,1.2269999999999999,0.000474755904,1,convnext_tiny.fb_in1k,fgvc-aircraft-2013b,CLASSIC_AT,fully convolutional
376,0.367,0.2,0.184,0.057,0.3253333333333333,1.1333333333333333,0.0002504478464,1,robust_convnext_tiny,fgvc-aircraft-2013b,CLASSIC_AT,fully convolutional
377,0.06933333333333333,0.016,0.014,0.005333333333333333,0.051,0.15566666666666665,4.224341333333333e-09,1,robust_deit_small_patch16_224,fgvc-aircraft-2013b,CLASSIC_AT,fully attention
378,0.03333333333333333,0.018666666666666668,0.014,0.0026666666666666666,0.034,0.10266666666666667,7.898074074074074e-10,1,vit_small_patch16_224.augreg_in1k,fgvc-aircraft-2013b,CLASSIC_AT,fully attention
379,0.12,0.04666666666666667,0.064,0.055,0.089,0.3746666666666667,1.7543679999999998e-06,1,convnext_tiny.fb_in22k,fgvc-aircraft-2013b,CLASSIC_AT,fully convolutional
380,0.043,0.017,0.013333333333333334,0.008,0.039,0.12033333333333335,3.0409600000000006e-09,2,vit_base_patch16_clip_224.laion2b_ft_in1k,fgvc-aircraft-2013b,CLASSIC_AT,fully attention
381,0.15,0.047,0.028,0.01,0.135,0.37,2.6649000000000005e-07,2,vit_base_patch16_224.augreg_in21k_ft_in1k,fgvc-aircraft-2013b,CLASSIC_AT,fully attention
382,0.098,0.026,0.027,0.012,0.093,0.256,7.677633599999999e-08,1,vit_small_patch16_224.augreg_in21k_ft_in1k,fgvc-aircraft-2013b,CLASSIC_AT,fully attention
383,0.172,0.068,0.06266666666666666,0.024,0.153,0.4796666666666667,2.6913899519999997e-06,2,eva02_base_patch14_224.mim_in22k,fgvc-aircraft-2013b,CLASSIC_AT,fully attention
384,0.049,0.021,0.027,0.018,0.04533333333333334,0.16033333333333333,2.2670928000000002e-08,1,eva02_tiny_patch14_224.mim_in22k,fgvc-aircraft-2013b,CLASSIC_AT,fully attention
385,0.481,0.217,0.21,0.054,0.412,1.3739999999999999,0.00048765769415999994,2,swin_base_patch4_window7_224.ms_in22k_ft_in1k,fgvc-aircraft-2013b,CLASSIC_AT,fully attention
386,0.233,0.083,0.079,0.031,0.184,0.6100000000000001,8.714462824e-06,1,swin_tiny_patch4_window7_224.ms_in1k,fgvc-aircraft-2013b,CLASSIC_AT,fully attention
387,0.084,0.036,0.05,0.034,0.098,0.302,5.037984e-07,2,convnext_base.clip_laion2b_augreg_ft_in12k_in1k,fgvc-aircraft-2013b,CLASSIC_AT,fully convolutional
388,0.599,0.327,0.316,0.14,0.528,1.9100000000000001,0.004575342562560001,2,convnext_base.fb_in22k_ft_in1k,fgvc-aircraft-2013b,CLASSIC_AT,fully convolutional
389,0.074,0.032,0.036,0.023,0.067,0.23199999999999998,1.31367168e-07,1,convnext_tiny.fb_in22k_ft_in1k,fgvc-aircraft-2013b,CLASSIC_AT,fully convolutional
390,0.134,0.04,0.056,0.017333333333333333,0.109,0.35633333333333334,5.671022933333333e-07,1,coatnet_0_rw_224.sw_in1k,fgvc-aircraft-2013b,CLASSIC_AT,hybrid
391,0.335,0.142,0.031,0.004,0.25,0.762,1.47467e-06,2,coatnet_2_rw_224.sw_in12k_ft_in1k,fgvc-aircraft-2013b,CLASSIC_AT,hybrid
392,0.314,0.118,0.048,0.002,0.227,0.709,8.074371840000001e-07,2,coatnet_2_rw_224.sw_in12k,fgvc-aircraft-2013b,CLASSIC_AT,hybrid
400,0.7066666666666667,0.43866666666666665,,,,,,2,CLIP-convnext_base_w-laion_aesthetic-s13B-b82K,flowers-102,CLASSIC_AT,fully convolutional
401,0.728,0.475,0.544,0.446,0.62,2.813,0.052017615104000006,2,CLIP-convnext_base_w-laion2B-s13B-b82K,flowers-102,CLASSIC_AT,fully convolutional
402,0.261,0.118,0.10133333333333333,0.032,0.19866666666666666,0.711,1.9840372736e-05,1,deit_small_patch16_224.fb_in1k,flowers-102,CLASSIC_AT,fully attention
403,0.692,0.308,0.127,0.014666666666666666,0.488,1.6296666666666666,0.00019373664546133332,1,robust_resnet50,flowers-102,CLASSIC_AT,fully convolutional
404,0.422,0.144,0.193,0.087,0.33866666666666667,1.1846666666666665,0.000345560391936,1,vit_small_patch16_224.augreg_in21k,flowers-102,CLASSIC_AT,fully attention
405,0.77,0.481,,,,,,2,convnext_base.fb_in1k,flowers-102,CLASSIC_AT,fully convolutional
406,0.026,0.0,0.0,0.0,0.028,0.054,0.0,1,resnet50.a1_in1k,flowers-102,CLASSIC_AT,fully convolutional
407,0.09,0.052,0.037,0.019,0.08,0.27799999999999997,2.6320319999999994e-07,2,robust_vit_base_patch16_224,flowers-102,CLASSIC_AT,fully attention
408,0.699,0.336,0.204,0.02666666666666667,0.588,1.8536666666666664,0.00075126417408,2,vit_base_patch16_224.mae,flowers-102,CLASSIC_AT,fully attention
409,0.02,0.01,0.012,0.01,0.024,0.076,5.760000000000001e-10,1,vit_small_patch16_224.dino,flowers-102,CLASSIC_AT,fully attention
410,0.908,0.668,,,,,,2,convnext_base.fb_in22k,flowers-102,CLASSIC_AT,fully convolutional
411,0.7133333333333334,0.47733333333333333,0.519,0.382,0.603,2.6946666666666665,0.040706364281279994,2,robust_convnext_base,flowers-102,CLASSIC_AT,fully convolutional
412,0.632,0.313,0.352,0.20266666666666666,0.536,2.0356666666666667,0.007563994311338666,2,vit_base_patch16_224.augreg_in1k,flowers-102,CLASSIC_AT,fully attention
413,0.356,0.158,0.158,0.058,0.278,1.008,0.000143296954816,2,vit_base_patch16_224.augreg_in21k,flowers-102,CLASSIC_AT,fully attention
414,0.38,0.17466666666666666,0.163,0.052,0.326,1.0956666666666668,0.00018340120170666667,2,vit_base_patch16_clip_224.laion2b,flowers-102,CLASSIC_AT,fully attention
415,0.616,0.25733333333333336,0.411,0.432,0.53,2.2463333333333333,0.014916886871040003,1,convnext_tiny.fb_in1k,flowers-102,CLASSIC_AT,fully convolutional
416,0.774,0.568,0.463,0.189,0.665,2.6590000000000003,0.025583133486959998,1,robust_convnext_tiny,flowers-102,CLASSIC_AT,fully convolutional
417,0.19333333333333333,0.09333333333333334,0.064,0.02,0.166,0.5366666666666667,3.834083555555556e-06,1,robust_deit_small_patch16_224,flowers-102,CLASSIC_AT,fully attention
418,0.015,0.0,0.005,0.007,0.014,0.041,0.0,1,vit_small_patch16_224.augreg_in1k,flowers-102,CLASSIC_AT,fully attention
419,,,,,,,,1,convnext_tiny.fb_in22k,flowers-102,CLASSIC_AT,fully convolutional
420,0.373,0.138,0.134,0.038,0.2946666666666667,0.9776666666666667,7.723378582400001e-05,2,vit_base_patch16_clip_224.laion2b_ft_in1k,flowers-102,CLASSIC_AT,fully attention
421,0.812,0.0,0.026,0.005333333333333333,0.768,1.6113333333333335,0.0,2,vit_base_patch16_224.augreg_in21k_ft_in1k,flowers-102,CLASSIC_AT,fully attention
422,0.284,0.13066666666666665,0.099,0.03,0.23066666666666666,0.7743333333333333,2.5422862079999995e-05,1,vit_small_patch16_224.augreg_in21k_ft_in1k,flowers-102,CLASSIC_AT,fully attention
423,0.773,0.512,,0.422,,,,2,eva02_base_patch14_224.mim_in22k,flowers-102,CLASSIC_AT,fully attention
424,0.244,0.12,0.125,0.099,0.191,0.7789999999999999,6.920694e-05,1,eva02_tiny_patch14_224.mim_in22k,flowers-102,CLASSIC_AT,fully attention
425,0.853,0.536,0.637,0.524,0.732,3.282,0.111710918137728,2,swin_base_patch4_window7_224.ms_in22k_ft_in1k,flowers-102,CLASSIC_AT,fully attention
426,0.011,0.0,0.0,0.0,0.012,0.023,0.0,1,swin_tiny_patch4_window7_224.ms_in1k,flowers-102,CLASSIC_AT,fully attention
427,0.009,0.009,0.009,0.009,0.009,0.045,5.904899999999997e-11,2,convnext_base.clip_laion2b_augreg_ft_in12k_in1k,flowers-102,CLASSIC_AT,fully convolutional
428,0.8893333333333333,0.6346666666666667,,,,,,2,convnext_base.fb_in22k_ft_in1k,flowers-102,CLASSIC_AT,fully convolutional
429,0.011,0.0,0.0,0.0,0.013,0.024,0.0,1,convnext_tiny.fb_in22k_ft_in1k,flowers-102,CLASSIC_AT,fully convolutional
430,0.391,0.166,0.259,0.242,0.29733333333333334,1.3553333333333333,0.0012096050050186668,1,coatnet_0_rw_224.sw_in1k,flowers-102,CLASSIC_AT,hybrid
431,0.349,0.098,0.156,0.17,0.28,1.053,0.00025397037120000006,2,coatnet_2_rw_224.sw_in12k_ft_in1k,flowers-102,CLASSIC_AT,hybrid
432,,,,,,,,2,coatnet_2_rw_224.sw_in12k,flowers-102,CLASSIC_AT,hybrid
440,0.447,0.162,,0.15466666666666667,,,,2,CLIP-convnext_base_w-laion_aesthetic-s13B-b82K,oxford-iiit-pet,CLASSIC_AT,fully convolutional
441,0.432,0.188,0.204,0.177,0.3,1.301,0.0008797641983999998,2,CLIP-convnext_base_w-laion2B-s13B-b82K,oxford-iiit-pet,CLASSIC_AT,fully convolutional
442,0.7,0.215,0.288,0.105,0.553,1.8609999999999998,0.0025167693599999997,1,deit_small_patch16_224.fb_in1k,oxford-iiit-pet,CLASSIC_AT,fully attention
443,0.815,0.424,0.05,0.0,0.59,1.879,0.0,1,robust_resnet50,oxford-iiit-pet,CLASSIC_AT,fully convolutional
444,0.041,0.028,0.03,0.028,0.04,0.167,3.8572800000000006e-08,1,vit_small_patch16_224.augreg_in21k,oxford-iiit-pet,CLASSIC_AT,fully attention
445,0.822,0.404,0.477,0.252,0.695,2.65,0.02774322263664,2,convnext_base.fb_in1k,oxford-iiit-pet,CLASSIC_AT,fully convolutional
446,0.7813333333333333,0.021333333333333333,0.047,0.038,0.586,1.4736666666666667,1.7445127281777776e-05,1,resnet50.a1_in1k,oxford-iiit-pet,CLASSIC_AT,fully convolutional
447,0.824,0.402,0.431,0.118,0.687,2.4619999999999997,0.011573621608608,2,robust_vit_base_patch16_224,oxford-iiit-pet,CLASSIC_AT,fully attention
448,0.072,0.03,0.025,0.016,0.071,0.21400000000000002,6.134399999999998e-08,2,vit_base_patch16_224.mae,oxford-iiit-pet,CLASSIC_AT,fully attention
449,0.732,0.146,0.272,0.09066666666666667,0.583,1.8236666666666665,0.001536558307328,1,vit_small_patch16_224.dino,oxford-iiit-pet,CLASSIC_AT,fully attention
450,0.799,0.4,0.48133333333333334,0.26666666666666666,0.644,2.591,0.026418448497777778,2,convnext_base.fb_in22k,oxford-iiit-pet,CLASSIC_AT,fully convolutional
451,0.856,0.618,0.529,0.162,0.747,2.912,0.03386519090524801,2,robust_convnext_base,oxford-iiit-pet,CLASSIC_AT,fully convolutional
452,0.062,0.035,0.036,0.022,0.048,0.203,8.249471999999999e-08,2,vit_base_patch16_224.augreg_in1k,oxford-iiit-pet,CLASSIC_AT,fully attention
453,0.152,0.044,0.076,0.061,0.125,0.458,3.875696e-06,2,vit_base_patch16_224.augreg_in21k,oxford-iiit-pet,CLASSIC_AT,fully attention
454,0.08933333333333333,0.034666666666666665,0.038,0.023,0.072,0.257,1.9488102399999996e-07,2,vit_base_patch16_clip_224.laion2b,oxford-iiit-pet,CLASSIC_AT,fully attention
455,0.806,0.336,0.391,0.182,0.632,2.347,0.012179782777344004,1,convnext_tiny.fb_in1k,oxford-iiit-pet,CLASSIC_AT,fully convolutional
456,0.096,0.061,0.063,0.058,0.079,0.35700000000000004,1.6904280960000002e-06,1,robust_convnext_tiny,oxford-iiit-pet,CLASSIC_AT,fully convolutional
457,0.476,0.224,0.131,0.004,0.379,1.214,2.1175099904e-05,1,robust_deit_small_patch16_224,oxford-iiit-pet,CLASSIC_AT,fully attention
458,0.22133333333333333,0.04,0.086,0.052,0.173,0.5723333333333332,6.8494344533333316e-06,1,vit_small_patch16_224.augreg_in1k,oxford-iiit-pet,CLASSIC_AT,fully attention
459,,,,,,,,1,convnext_tiny.fb_in22k,oxford-iiit-pet,CLASSIC_AT,fully convolutional
460,0.121,0.036,0.04133333333333333,0.016,0.10133333333333333,0.31566666666666665,2.919178239999999e-07,2,vit_base_patch16_clip_224.laion2b_ft_in1k,oxford-iiit-pet,CLASSIC_AT,fully attention
461,0.205,0.061,0.094,0.047,0.161,0.568,8.89478149e-06,2,vit_base_patch16_224.augreg_in21k_ft_in1k,oxford-iiit-pet,CLASSIC_AT,fully attention
462,0.113,0.047,0.068,0.05466666666666667,0.094,0.3766666666666667,1.8558191893333332e-06,1,vit_small_patch16_224.augreg_in21k_ft_in1k,oxford-iiit-pet,CLASSIC_AT,fully attention
463,0.28,0.07733333333333334,0.13,0.103,0.255,0.8453333333333334,7.393422400000001e-05,2,eva02_base_patch14_224.mim_in22k,oxford-iiit-pet,CLASSIC_AT,fully attention
464,0.081,0.039,0.055,0.05733333333333333,0.079,0.31133333333333335,7.8694902e-07,1,eva02_tiny_patch14_224.mim_in22k,oxford-iiit-pet,CLASSIC_AT,fully attention
465,0.736,0.277,0.408,0.231,0.604,2.256,0.011605575066624001,2,swin_base_patch4_window7_224.ms_in22k_ft_in1k,oxford-iiit-pet,CLASSIC_AT,fully attention
466,0.669,0.208,0.29,0.14666666666666667,0.516,1.8296666666666668,0.0030539967743999996,1,swin_tiny_patch4_window7_224.ms_in1k,oxford-iiit-pet,CLASSIC_AT,fully attention
467,0.418,0.152,0.209,0.173,0.316,1.268,0.0007259376840319998,2,convnext_base.clip_laion2b_augreg_ft_in12k_in1k,oxford-iiit-pet,CLASSIC_AT,fully convolutional
468,0.802,0.409,0.457,0.259,0.656,2.583,0.025469327614304003,2,convnext_base.fb_in22k_ft_in1k,oxford-iiit-pet,CLASSIC_AT,fully convolutional
469,0.06,0.001,0.008,0.024,0.047,0.14,5.4144e-10,1,convnext_tiny.fb_in22k_ft_in1k,oxford-iiit-pet,CLASSIC_AT,fully convolutional
470,0.29,0.089,0.136,0.107,0.186,0.808,6.985920431999999e-05,1,coatnet_0_rw_224.sw_in1k,oxford-iiit-pet,CLASSIC_AT,hybrid
471,,,,,,,,2,coatnet_2_rw_224.sw_in12k_ft_in1k,oxford-iiit-pet,CLASSIC_AT,hybrid
472,,,,,,,,2,coatnet_2_rw_224.sw_in12k,oxford-iiit-pet,CLASSIC_AT,hybrid
